car_price,car_year_name
"$5,500",2008 Volvo XC70 3.2
"$6,800",**2014 Chevy Express 2500**
"$21,900",1963 Chevy C10
"$50,000",1969 Roadrunner
"$7,500",2002 Honda Odyssey ex-l ** 111k miles ** one owner **
"$12,500",2005 GMC Yukon XL * 155k miles ** rust free **
"$13,750",2009 CHEVROLET SUBURBAN
"$1,000",08 Subaru Outback /obo
"$3,500",2005 Grand Marquis
"$6,500",Chevrolet Avalanche 4x4
"$40,000",2016 GMC denali 2500 6.6 dielse LML
"$6,500",2011 Ford Edge
"$3,500",2007 Honda Accord EX Sedan 4D
"$1,500",1985 ford f150
"$13,000",2011 Mazda RX8 GT
"$65,000",2008 Toyota Tacoma
"$4,500",1997 ford ranger v6 auto mechanic owned
"$11,700",2013 FORD F150 XLT 4 DR V6 FLEX FUEL 3.7 LITER
"$6,000",2004 GMC 4x4
"$5,500",2006 Toyota Corolla LE
"$28,000",2018 Honda Accord Sport 2.0
"$28,250","2016 TOYOTA 4RUNNER LIMITED 4X4 - NAVIGATION - SUNROOF - $28,250"
"$4,800",2006 Hyundai Santa Fe
"$7,500",1998 jeep 2 door for sale
"$7,000",1964 Volvo Amazon 122S
"$4,000",2008 Subaru Impreza 2.5i 5 door
"$15,000",FOR SALE: 1998 Ford F-150 & 1999 Ford F-350
"$6,500",2014 Ford Focus SE
"$4,200","2012 impala, excellent condition ! new engine"
"$2,000","2006 Cadillac SRX, low miles, LOADED,,,,, RUNS ROUGH,,,,,,  $2000"
"$2,000","2006 Subaru outback wagon SE, PLEASE READ AD  $2000 FIRM!!"
"$18,950",Low Miles 2015 Nissan Titan SV only 45k 4x4
"$10,500",2014 Ford F250 Super Duty Regular Cab
"$5,800",Toyota T100 SR5 4x4
"$7,500",2004 Dodge Sprinter Van
"$2,850",1979 Oldsmobile Cutlass
"$12,000",2012 Audi A4 Wagon Extensive Service Completed
"$9,500",2008 Dodge Truck
"$2,900",2001 Lincoln continental
"$3,800",2007 HONDA ODYSSEY EX L
"$6,500",2009 AUDI A4 HABLO ESPANOL
"$5,500",02 avalanche 6 inch lift
"$16,000",RARE 74 Buick Sportwagon
"$11,500",2010 Jeep Wrangler
"$14,000",2009 Jeep Wrangler 4x4 2 dr
"$3,000",2004 Mitsubishi Eclipse RS
"$24,999",2015 Lexus GS350
"$16,400",1996 Ford 250 7.3 liter turbo diesel 4x4
"$4,500",limpio
"$7,850",09 Chevy Silverado 1500 truck
"$4,500",2004 Jeep Grand Cherokee OVERLAND Edition
"$8,000",2012 luxury cadillac cts
"$7,500",2008 Hercules trailer
"$8,250",2005 Toyota 4runner Limited
"$6,500",2011 HONDA ACCORD HABLO ESPANOL
"$4,000",1982 Chevy Scottsdale 10
"$3,200",2011 Kia Rio!!
"$3,800",2009 Ford Focus SE!!Must See!!
"$35,000",2015 Lexus NX 300h 5 door SUV (Hybrid)
"$7,500",2001 Ford Ranger - Low Miles
"$29,995",2013 Lexus SUV GX460 Premium
"$4,000",2002 Chevy Tahoe LT 4X4
"$3,800",2006 chrysler sebring touring
"$8,900",2014 Nissan Maxima!Panoramic Sunroof!Must See!! Low Miles!!Nice Ride!!
"$27,950","2010 Ford E-350 15 passenger 35,000 miles V8"
"$17,400",2014 Ford F 150 STX 4WD
"$6,500",2004 Ford Econoline E150 139k NICE! Van life/family vehicle
"$8,500",Nissan Armada 2007 LE
"$3,750",2005 Toyota Rav4
"$74,800",2019 FORD F550 DUMP TRUCK
"$14,000",24ft Box Truck
"$9,500",72 Chevy C10
"$13,500",2006 F-250 Super Duty Crew Cab
"$6,000",1992 Toyota Pickup 4WD
"$12,500",1989 Toyota 4Runner 4x4 22RE
"$3,700",2004 Audi S4 Cabriolet
"$56,000",2018 E400 Mercedes Wagon
"$2,250",1988 Honda Prelude
"$1,000",2011 Nissan Sentra
"$3,000",Food trucks for sale
"$11,500",1978 Camaro
"$14,500",2004 Ford F150 Lariat pickup
"$8,000",1999 Toyota 4runner Limited
"$11,100",Price Reduced!!!!! 2016 Ford Taurus
"$55,000",Dump Truck For Sale! Including  35+ cust. list!
"$11,000",1982 Toyota SR5 pick up  4wd 4x4
"$28,000",2020 Kia Telluride LX 4dr SUV
"$5,500",2009 TOYOTA CAMRY
"$41,900",2500HD Silverado DIESEL
"$3,500",2009 Subaru Outback
"$22,000",2015 Audi 2.0T Quattro Convertible
"$4,500",2008 528i BMW
"$4,500",2004 Civic
"$30,000","1999 sterling Lt9513 dump truck 167,042 miles"
"$2,250",2000 mercury sable GS  wagon
"$3,000",'79 Cadillac Fleetwood Brougham d'Elegance 7.0 L 4bbl
"$13,700",2012 Loncoln Navigator
"$10,200",2007 Dodge Ram Pickup 1500 Laramie 4dr Quad Cab SB
"$6,900",2009 Volvo C70 T5 Convertible  (910) 229-5696
"$8,125","2012 Nissan Leaf SL $8,125 or Best Offer"
"$13,500",2009 Jeep Wrangler X 2 Door
"$14,900",2003 BMW 540i M-Sport -- Manual -- Rare Find
"$49,750",2019 Mustang Bullit
"$95,700",2022 Ford F350 Lariat
"$6,600",Ford E250 Econoline Van
"$4,200",Honda Pilot 2007
"$4,500",Jeep Commander
"$24,500",2015 Mercedes-Benz E-Class E-350
"$20,000",F450 service truck
"$4,750",2005 4Dr Ford Taurus SE
"$12,500",1991 Chevrolet 2500 4WD
"$12,000",2013 Nissan Juke S
"$5,000",2007 Ford Explorer
"$12,000",1996 Kenworth Tractor Truck & Trailer
"$29,900",2019 TOYOTA CAMRY XSE
"$6,000",4Runner
"$6,900",2012 Volvo S60 T5 97k miles
"$14,950","2006 Ford F150 4X4 XLT FX4 5.4 V8 Auto, 4DR, Tow Pkg Low Miles, Extras"
"$12,250",2015 Toyota Corolla
"$11,000",2009 INFINITI G37X
"$7,000",1999 CHEVY 2500 VORTEC 7.4L 454 Auto 4WD 202k runs great
"$8,500",2007 Dodge Ram 1500 - 164k - Clean Car Fax
"$15,700",2017 Hyundai Elantra GT
"$17,000",2008 Chevrolet Suburban LT 2500 $17000
"$12,500",1979 corvette L48 T Top
"$59,900","Rare 2019 Stealth Performance Tesla Model 3, Mint condition"
"$34,000",2006 Dodge RAM 2500 Laramie Megacab Lone Star Edition
"$35,000",2019 Chevrolet Traverse LT Leather FWD
"$4,500",2009 Dodge Grand Caravan 85k Miles
"$6,800","1995 Lexus SC400, Very good condition"
"$10,000",1968 Camaro Rs project car
"$1,500",1979 Eldorado Cadillac
"$1,900",2009 Buick Enclave AWD Mechanic special ! 210k
"$35,900",1967 Chevrolet Chevelle SS
$500,Buick Lucerne **SOLD SOLD**
"$4,500",2012 NISSAN ALTIMA 2.5 S
"$2,500",FORD ESCAPE XLT 2009
"$7,200",2005 BMW 745LI
"$2,000",2010
$0,91 4runner
"$7,199",Honda Pilot 2007
"$10,200",2014 Nissan Altima S with Remote Start for Sale
"$3,200",05 dodge dakota 4.7l v8 4x4
"$11,000",2011 Nissan Murano SL AWD
"$11,900",2010 Acura MDX SH-AWD w/ Technology Package
"$17,500",71500 604HP cobra Mustang
"$13,500",2008 Lexus LS460 - White over Grey - CLEAN - Loaded
"$8,400",2008 GMC Sierra ***4wd***
"$3,350",2007 Volkswagen Jetta 2.5
"$6,950",2001 Honda Prelude Automatic
"$55,000",2014 C7 Z51 Corvette
"$18,500",2013 Infiniti G37S
"$8,000",1988 chevy sliverado 4x4
"$38,500",1955 chevy Bel-air
"$11,000",2008 Infinity FX35 Sport Utility AWD
"$21,000",2008 Mitsubishi Fuso Dump Truck
"$19,000",2008 Jeep Wrangler Jk
"$20,000",1967 Dodge Coronet 440 Convertible
"$7,850",09 Chevy Silverado 1500 truck
"$1,500",2008 Nissan Versa
"$12,900",2012 Acura TL - 1 Owner - All Maintenance Completed- Excellent Cond
"$7,700",2005 Audi TT Quattro Convertible
"$7,000",2009 Ford Ranger
"$2,800",1992 chevy Suburban
"$21,999",2013  Chevy Silverado 2500 HD
"$4,500",1967 GMC stepside pickup
"$38,500",2017 Ford F-150 XLT
"$3,000",2009 Honda Pilot
"$2,800",2012 Chev Impala LT
"$4,200",2006 Volvo XC90 2.5L Turbo Auto 3rd Row
"$17,500",2010 Chevrolet silverado LTZ 4x4
"$13,450",2017 Subaru Legacy Premium Only 11k miles
"$18,000",2012 Toyota Sienna wheelchair van
"$9,900",Blue Ford Explorer XLT
"$6,500",VW CC SPORT 2010
"$2,900",1999 Saturn 4 door
"$9,800",2011 Ram 1500 SLT Crew Cab
$0,2005 FORD FREESTAR TRES FILAS POCO MILLAS!!! $4500
"$1,150",1990 NISSAN 300ZX T-TOPS 5SPEED BAD MOTOR
"$45,000",2016 28' Straight Box Truck Class B CDL Required
"$7,500",2004 Dodge Sprinter Van
"$2,750",1998/Mercedes Benz E320
"$3,950",07 Honda Civic coupe
"$14,500",03 Ford F450 FLAT BED DIESEL 6.0 72K MILES!
"$1,425",2002 Cadillac STS
$0,2009 HONDA ACCORD CUATRO CILINDROS POCO MILLAS!!! $5900
"$17,500",528I BMW FOR SALE
"$6,250",work van
"$33,900",2018 Nissan Murano FWD Platinum - EIGHT YEAR Warranty! Low Miles!
"$12,200",2013 Prius from second owner for sale
"$15,000",2015 Honda Accord
"$15,500",2011 Jaguar XF —Low mileage
"$4,795",2007 Toyota Prius
"$1,550",Honda Accord
"$4,100",Toyota Sienna LE 2004 for sale
"$3,995",2008 Pontiac GP Clean
"$4,200",2001 Tahoe z71 4x4
"$3,900",09 Kia Optima
"$15,900",2012 Jeep Wrangler Unlimited (Oscar Mike)
"$6,450",2010 Honda Odyssey Ex-L
"$33,000",Chevrolet Silverado Z71
"$6,350",2006 Honda Pilot
"$8,500",1500 Ram megacab
"$3,000",2004 Honda Civic
"$12,500",2015 Toyota Camry XSE
"$2,000",2009 Nissan Rogue
"$3,200",Isuzu rodeo
"$27,000",2008 M3 DCT
"$15,500",1923 T Bucket custom build
"$2,800",Cadillac Eldorado Rare Find
"$10,000",LEXUS LS430
"$1,500",1998 Buick Park Avenue For Sale (Runs and Drives)
$1,1998 Honda Accord
"$19,950",LOW Miles 2015 Nissan Titan SV 4x4 45k Navigation
"$1,150",1990 NISSAN 300ZX T-TOPS 5SPEED BAD MOTOR
"$3,900","1996 Buick Riviera, Super Charged"
$2,Chevy Trucks
"$17,500",Honda accord 2017 Touring for sale
"$13,200",2015 Dodge Charger SE
"$11,500",2001 Chevrolet Silverado
"$3,750",2004 BMW 325Ci Convertible White
"$7,000",SRT-4
"$13,450",2015 Infiniti q60 AWD 53k miles
"$24,500",2011 Ford F450 DUMP TRUCK! V10
"$18,000",2016 SUBARU OUTBACK 3.6R Limited Wagon 4D
"$3,750",**Ford Fusion
"$7,500",Toyota Camry hybrid 07
"$4,000",Infiniti M35 2006  (Cash Only)
"$30,000",2017 Toyota Tacoma SR 4x4 extended cab
"$7,900",2013 Ford Edge SE
"$7,850","1977 VW Beetle Bug ""California Custom"""
"$26,449",2013 Mercedes S550 4 Matic
"$7,500",2004 chevrolet 1500 express
"$31,399",SOLD-2018 Honda CRV EX L-AWD
"$55,000",26 FT Box truck
"$50,000",1971 Pontiac Trans Am for sale
"$15,000",1932 ford phaeton replica (1969 Glassic build)
"$18,000",2016 VW Jetta SEL Turbo-OBO
"$26,500",2016 F-150 XL Sport 2WD
"$33,000","FS: 2018 Golf R, 6MT. Lots of extras."
"$4,900",2002 Ford F-150 Super Cab XLT
"$1,500",2006 Jeep Grand Cherokee
"$17,500",1964 Ford Country Sedan
"$16,900",2005 Ford Thunderbird
"$5,200",2012  Mazda M5
"$7,999",2013 Dodge Avenger SXT W/Rallye Appearance Group
"$36,000",2016 Chevrolet Silverado 1500 LS 4WD 5.3L V8
"$5,900",2010 HONDA CIVIC HABLO ESPANOL
"$1,500",95 Camry LE Coupe 197k (SOLD))
"$7,500",2010 Subaru Forester SUV
"$2,000",1989 Chevy Silverado + 1994 ext. cab chevy silverado
$800,jaguar s type 2003
"$16,900",1979 Lincoln continental
"$2,500",2005 Chevy trailblazer
"$2,850",FOR SALE: 2001 Toyota Echo (Silver) – low miles
"$7,600",2001 MUSTANG GT
"$10,500",TOYOTA VENZA 2013
"$9,500",subaru 3.0 R Outback
"$27,500",2011 GMC Denali 2500 Duramax
"$5,950",2009 Ford Explorer 4WD Eddie Bauer
"$3,300",2009 Hyundai Sonata
"$3,500",2009 FORD CROWN VICTORIA 150K MILES RUNS GREAT
"$45,300",2017 GMC Sierra Denali
"$1,450",1956 GMC
"$15,000",CHEVROLET SILVERADO
"$1,000",91 Toyota Corolla
"$5,500",Ford F150 Triton V8
"$5,250",2012 Malibu Great Car
"$19,500",2011 Nissan Xterra Pro-4x
$1,Mobile WINDOW TINTING
"$23,000",2018 F-150 XL 2WD Supercrew
"$1,950",Hyundai Sonata 2013
"$53,500",2019 Isuzu NPR HD Morgan Landscape Body
"$9,800",7 Bronco 2's
"$14,750",Clean and well (**SALE PENDING))) maintained 2016 Toyota Corolla L
"$9,000",2010 Toyota Camry
"$1,000",camper shell off Z-71  6 Foot
"$2,500",1997 Dodge 1500 4x4
"$7,500",2004 Dodge Sprinter Van
"$5,450",2013 Hyundai Elantra
"$8,945",2013 honda civic ex
"$14,000",2015 Infiniti Q50
"$4,500",2006 Nissan Pathfinder LE
"$8,950",2009 NISSAN MAXIMA
"$9,500",1975 Chevy Caprice
"$24,800",2015 Range Rover Evoque
"$34,500",1988 Jeep Grand Wagoneer
"$2,850",2004 Chrysler Minivan
"$1,273",Silverado z 71 Cold AC One of a Kind
"$14,500",2008 Ford Explorer Sport Trac
"$18,500",2008 Toyota Tundra Truck - Extremely Clean
"$9,998",2010 Infiniti M35x AWD - REDUCED
"$2,500",2005 Chevy Envoy
"$1,600",Classic 1987 Ford Ranger
"$6,500",2012 Mazda 6
"$9,990",2014 ford Econoline E350
"$3,000",1985 Chevy Nova
"$15,000",2010 Mustang GT Convertible
"$8,500",2006 Limousine Lincoln
"$5,000",Car for sale
"$25,900",2006 International 4300 Low Profile
"$3,800",2003 NISSAN XTERRA HABLO ESPANOL
"$28,000",1995 Ford L8000
"$59,000",2021 Mustang Mach E Premium
"$4,850",2001 Ford F-150 Lariat
"$1,500",2007 Jetta Volkswagen
"$9,250",Hyundai Accent
"$11,000",2000 Chevy Silverado 2500
"$4,000",2004 IMPALA SS
"$7,990",toyota corolla 2012
"$24,500",Perfect 2017 Ford Escape Titanium 4wd 32k
"$12,000",1970 Mustang Fastback
"$5,700",Nissan Murano
"$25,500",1980 Vette 4 speed.  16k miles needs nothing
"$2,595",1947 Hudson Coupe
"$39,950",1962 Willys Pickup - Custom
"$25,500",Chevy Corvette  1980 4 speed 15k miles like new
"$18,000",F-550 Dump Truck
"$16,599",2014 Murano SL immaculate and low miles
"$4,500",1991 Oldsmobile Custom Cruiser
"$57,500",2015 Porsche Cayman
"$4,500",2004 Subaru Baja
"$1,800",2003 Subaru Outback
"$2,200",Ford focus 100k miles 2007
"$14,500",03 Ford F450 FLAT BED DIESEL 6.0 72K MILES!
"$3,950",07 Honda Civic coupe
"$2,500",fox body mustang 1989
"$40,000",1998 mustang sn95 RACECAR
"$4,500",1999 Jeep Grand Cherokee
"$3,700",2010 Ford Focus
"$4,950",1997 GMC Sierra Long Bed
"$18,500",2017 Chrysler Pacifica lx minivan Salvage rebuild
"$16,200",2008 Toyota Tundra Double Cab 4x2 5.7L V8 8ft Bed XSP Package
"$14,900",2002 Ford Thunderbird
"$12,850",2012 Chevrolet Express
"$14,000",2010 Mercedes
"$34,000",2016  Chevrolet 1500 LT 4X4 Z71 Crew
"$16,500",Lexus SUV
"$12,000",2015 Ford Focus SE Hatchback
"$64,900",2018 Ram 2500 diesel 4x4
"$5,800",Toyota solara convertible
"$1,500",2007 Subaru Forester (manual transmission)
"$5,500",2011 Dodge Caliber
"$6,000",2008 Toyota Yaris for sale
"$14,500",2013 White Dodge Challenger
"$29,500",1979 Camaro Z28
"$1,800",2003 Honda Accord EX
"$1,000",1982 Mercedes 240D manual for sale
"$3,500",Cadillac DeVille
"$4,950",2008 Toyota Avalon
"$2,950",94 Ford F-150
"$13,900","LEXUS ES350 MINT 97,000 MILES"
"$5,000",1998 Dakota Sport convertible
"$6,500",2004 Ford F-150 Heritage XL 2dr Standard Cab Rwd Styleside LB
"$5,500",2005 Mercedes E320 4 Matic
"$5,300",2005 Honda Odyssey Touring 4dr Mini Van
"$15,500",Toyota Tacoma
"$14,000",nissan frontier
"$12,999",Beautiful 2012 Genesis R-Spec 5.0 429hp
"$2,800",dodge ram 1500 1995
"$5,000",2003 Mazda Miata SE
"$53,000",1969 Pontiac Firebird
"$14,000",Ford Escape
"$2,500",2005 Chrysler Pacifica
"$33,299",SOLD - 2019 Infiniti QX60 Pure AWD low miles
"$39,500",2015 Jeep Wrangler Unlimited Sahara 4 Door Hardtop 4X4
"$5,900",2007 Toyota RAV4 w/ 4WD
"$3,000",2007 Mazda 3
"$7,500",2004 Dodge Sprinter Van
"$3,000",2001 Mercury Grand Marquis
"$8,500","1989 Nissan UD 1100 cabover flatbed turbodiesel 67,918 miles"
"$3,588",2004 Honda civic
"$24,500",2011 Ford F450 DUMP TRUCK! V10
"$14,250",Honda Pilot 2103 EX-L w/DVD 4WD
"$6,000",2000 Ford F150 4x4 Lifted
"$60,000",2018 Black Yukon Denali
"$5,700",2002 Buick Regal LS
"$3,000",2008 Chrysler Sebring Convertible
"$3,400",Toyota mini van 2004 for sale
"$13,500",2012 Mazda CX-9
"$16,900",**1986 Porsche 944**EXTRA CLEAN!
"$6,500",2012 Kia Sedona LX with wheelchair lift minivan
"$35,000",1969 Ford F250
"$7,000",2007 Hyundai Tucson 4WD
"$12,999",Beautiful 2012 Genesis R-Spec 5.0 429hp
"$6,500",2012 Kia Optima
"$27,000",7000 Original miles GT
"$15,900",2015 Toyota Tacoma
"$8,100",2008 CHEVY TAHOE LS 2WD 3RD ROW SEATS DVD IN VGC -8100.00 OBO MUST GO
"$30,000","1999 sterling Lt9513 dump truck 167,042 miles"
"$3,900",2008 Toyota Yaris
$750,2006 Murano SL AWD/mechanic's special or parts car
"$97,000",2020 Lincoln Navigator Black Label - L
"$7,450","2006 TOYOTA HIGHLANDER V6, 4WD, TOW, LEATHER, 3rd ROW, KENWOOD STEREO"
"$11,500",2011 BMW 535I TURBO
"$6,000",2009 Toyota Camry SE clean title
"$27,000",1975 Toyota FJ45
"$2,400",2001 BMW 330i
"$2,700",2006 KIA Sedona Van
"$4,000",2004 IMPALA SS
"$25,000",2014 Mercedes E250 BlueTEC
"$12,500",2014 Honda Accord EXL
"$7,000",1951 Ford F1 Truck
"$11,000",2006 f150
"$1,800",1986 Volvo 240
"$6,500","2010 Mazda Speed 3, Manual"
"$20,000",2006 FREIGHTLINER COLUMBIA
"$22,500",2014 Audi A6 TDI Premium Plus
"$11,500",2011 Ford F-150 XL Pickup 4D
"$23,700",Honda Accord LX 2018
"$5,500",car for sell
"$13,995",MERCEDES BENZ ML320 CDI
"$15,500",1947 Plymouth Coupe
"$21,700",Toyota Tacoma
"$7,000",DEPENDABLE TRUCK
"$46,500","2016 Chevy Tahoe LS 4WD 19,350 miles!"
"$1,500","Prius C for parts (Low, Low mileage)"
"$33,900",Grand Design TRANSCEND XPLOR 265BH RV
"$2,999","1998 Ford Explorer XLT ""Ernie the Explorer"""
"$14,900",2008 Toyota Tacoma - Long Bed 4x4
"$70,000",2011 MACK gu713 triaxle dump
"$10,000",GMC Wrecker Medium
"$70,000",2011 MACK gu713 triaxle dump
"$2,500",2006 Chrysler 300 Touring Edition
"$15,550",03 Ford F450 FLAT BED DIESEL 6.0 72K MILES!
"$5,000",Clean Dodge Avenger
"$4,800",Low Mileage 2005 Kia Sedona LX Minivan - Red
"$3,900",2004 Isuzu Rodeo 4 Wheel Drive 4WD/4X4 SUV
"$5,000",BMW 325ci 2006
"$5,500",Cadillac Deville
"$4,000",2007 Toyota Yaris
"$5,000",2006 mercedes benz s430
"$67,000",CUSTOM 2013 FORD SUPERDUTY F250
"$2,000",2004 E250 bad transmission
"$5,500",03 Infiniti FX35 AWD
"$6,500",2007 HONDA CR-V HABLO ESPANOL
"$5,800",2012 HONDA FIT HABLO ESPANOL
"$6,000",2004 Ford Explorer Sport Trac XLT Pickup Truck
"$13,000",Toyota Tacoma
"$31,950",Corvette 2007 3LT
"$5,500",2009 Volkswagen Gti
"$6,500",76 Cadillac
"$2,600",2006 Buick Lucerne CX
"$2,000",2009 Nissan Versa For Sale
"$6,199",2003 Jaguar XJ8 Vanden Plas
"$43,500",2019 Wrangler Rubicon 4X4
"$46,998",2018 Mercedes GLE 350
"$7,500",63 Ford Galaxie 500 from the Norfolk Plant
"$5,000",2011 g37
"$6,500",2010 Hyundai Genesis coupe
"$9,200",Ford Fusion
"$1,100",2001 Toyota Tacoma 2WD
"$10,995",2013 Dodge Charger
"$7,300",Classic Mustang!
"$2,400",GMC Acadia SLT-1 AWD**
"$6,500",2006 Ford F150
"$6,000",2004 Ford F-150 Lariat FWD
"$9,500",**REDUCED* 2006 Jeep Grand Cherokee 65th Anniv Laredo edition SUV
"$2,800",1999 Toyota Camry LE Sedan 4D --- sale by owner!
"$15,000",1954 Chevy Truck
"$8,900",Clean Nissan Altima 2015 Sv Sedan
"$6,000",2000 Chevy S10 NEW ENGINE
"$32,000","Immaculate 2018 Mazda MX-5 Miata, Club, soft top manual, supercharged"
"$6,500",Buick Lucerne CXL
"$5,200",2011 Chevy Equinox
"$21,450",2013 BMW Series 3 328i Convertible 2D
"$2,895",Ford taurus 2007 clean
"$66,000",2019 raptor Ford F-150
"$13,500",1967 Ford ranger
"$9,000",2009 Lexus LS 460 AWD
"$12,450",2016 Honda Accord coupe (67k miles)
"$12,000",2002 7.3L Ford F-250 4x4 Turbo Diesel Truck
"$26,800",SRT8 2011 Challenger
"$4,000",GMC Sierra 1500 195000 miles long bed
"$7,400",Honda CR-V 2011
"$8,000",Gmc 1500 pickup
"$30,000",2007 Peterbilt 387
"$11,500",2016 Honda Fit
"$2,900",1997 F250 Lunch Truck
"$2,000",2005 Scion TC
"$1,000",camper shell off Z-71  6 Foot
"$4,450",KIA SEDONA EX
"$4,000",2008 Saturn astra for $4000
"$27,500",2014 Chevy Silverado
"$3,500",Toyota Sienna XLE 2005
"$1,798",2008 Subaru Outback 4wd!! Book $6500
"$5,500",2008 Toyota Prius 119k miles
"$8,900",2011 Chevy Express 1500 4.3L V6
"$5,500",2013 Ford Fuision Eco Boost 6500 $
"$7,000",2015 Kia Optima
"$18,000",1953 Buick Super
"$6,999",2009 Honda PilotEX Sport Utility 4D
"$5,000",03 Infiniti FX35 AWD
"$12,500",2005 Mustang GT (V-8) Convertible
"$1,234",Jeeps wanted Dead or Alive
"$8,000",2010 Mercedes Benz C300
"$55,000",2019 Ford f150 4wd
"$14,900",2008 LEXUS LS460 SEDAN
"$4,900",1954 Jeep Willys
"$7,500",1999 GMC Yukon Denali
"$7,000",2005 BMW X5
$600,Ford Taurus SEL 2006
"$16,000",2004 Ford Thunderbird
"$45,000",2017 ram 3500 4x4
"$11,500",ford f-150
"$49,500",2013 Freightliner M2 106 - 239k Miles - 26' Box Truck - Lift Gate
"$45,000",Audi Q5
"$4,600",2010 Suzuki Grand Vitara 4x4
"$17,215",2011 BMW X3 Bad Credit No Credit
"$27,000",2015 Chevrolet Silverado 1500
$0,1940 Chevrolet Pickup Truck-( Restored Custom )-Very Nice !
"$6,000",1986 C20 Classic 3/4 ton Chevrolet Pick Up
"$3,500",1999 S10 blazer 2wd only 130k miles many new new parts
"$5,700",1987 Jeep Comanche
"$18,500",Toyota Tacoma 4x4
"$6,500",1985 Ford F-150 351 Windsor
"$19,000",RAM 1500 crew 4x4 Hemi LOW MILES
"$1,000",camper shell off Z-71  6 Foot
"$9,000",2011 BMW 328i
"$11,200",2002 GMC Sierra 1500 SLT Z71 4x4
"$14,500",2006 Lexus LX470 250k miles
"$15,000",2003 Ductchman RV
"$16,000",my dream vehicle have to go
"$28,900",LOW MILEAGE 2008 Ford F-250 Super Duty XLT V8 Turbo Dsl 6.4L
"$8,900",Mercedes S320 LWB 1999 48k
"$10,500",2009 Black Acura TL Sedan Technology Package 149XXX Miles
"$16,300",2013 HONDA CRV
"$1,899",hyundai sonata
"$5,995",*** 1957 FORD F-1 PICK UP *** GREAT PATINA ***
"$9,000",2006 Lexus IS350
"$5,000",2007 Silver Toyota 4Runner 4x4
"$54,999",2019 Tesla Model 3 Performance w/ FSD
"$3,300",1999 Saturn 4 door
"$15,500",Toyota Tacoma
"$2,895",Ford taurus 2007 clean
"$5,500",2010 HONDA ACCORD HABLO ESPANOL
"$8,800",2004 TOYOTA SEQUOIA HABLO ESPANOL
"$7,800",2018 MITSUBISHI MIRAGE HABLO ESPANOL
"$6,800",2011 TOYOTA CAMRY HABLO ESPANOL
"$4,950",1997 GMC Sierra Long Bed
"$4,500","2000 RX300 w/ Tow Hitch, Good Condition"
"$13,000",2007- Mercedes-Benz - GL450
"$5,500",Sienna 2011 for sale
"$4,200",05 Chevrolet impala
"$11,500",2015 Ford Explorer 3.7L V6 Ecoboost
"$3,300",2000 Honda Accord Ex
"$3,500",2003 Silverado 1500 4x4
"$7,250",2006 Toyota Prius Hybrid
"$3,150",2002 Toyota Higlander Limited
"$4,500",2005 nissan Murano 152k Miles*** Negotiable***
"$12,500",Fj Cruiser
"$4,600",2010 Hyundai Sonata
"$5,500",2008 Jeep Patriot Sport
"$6,200",2014 F-150
"$2,000",1990 Ford Ranger
"$6,200",2013 CHEVROLET IMPALA 108K
"$15,000",Chevrolet Scottsdale
"$7,500",95 Chevrolet Fleetside Pickup-W/T
"$4,800",2006 Hyundai Santa Fe
"$2,200",2002 Ford Expedition XLT
"$34,500",2016 FORD F150 KING RANCH
"$3,300",2009 SUBARU IMPREZA
"$34,000","2014 Dodge Ram-67,000 miles-Excellent Condition"
"$2,500",05 Ford Focus
"$13,500",2013 Toyota Prius V
"$43,000",2017 Chevrolet Silverado 1500 High Country
"$1,800",2006 uplander
"$7,650",2012 Honda Accord EX-L V6 (80k Miles)
"$8,500",Jeep Wrangler sport
"$2,000",2007 Kia Rio LXS
"$4,950","2008 Nisan, Rogue"
"$6,000",1989 Supercharged Mercury
"$5,900",Priced to Sell!!!
"$90,000",@21 Model S Plaid fully optioned
"$2,300",1996 Tacoma ; Starts; Mechanic Special; in person see discount
"$2,800",SERIOUS -INQUIRIES-2001 Toyota Camry-CE
"$5,000",2006 DODGE CHARGER R/T HEMI
"$4,950",2006 Cadillac DTS
"$12,000",Lexus SC430
"$1,000",Lost title
"$14,999",2012 Land Rover LR4 HSE
"$3,000","2006 Hyundai Elantra ( clean, runs great)"
"$5,000",2007 FORD MUSTANG - CONVERTIBLE 4.0L V6
"$6,995",1992 Camaro RS 25th Anniversary
"$4,900",2005 Cadillac Deville
"$8,500","2010 Mini Cooper , automatic"
"$5,995",*** 1957 FORD F-100 PICK UP *** GREAT PATINA ***
"$4,500",05 subaru impreza engine rebuilt
"$20,500",2012 Ford Econoline E350 XLT Superduty
"$6,000",2010 Toyota Camry
"$7,500",2015 Kia Optima
"$1,700",1992 Ford Explorer
"$23,000",2015 Acura MDX with Technology Package
"$13,900",(2)Sea-doo’s 3 seater Jet skis one Supercharged with Double trailer (Low Hours
"$4,500",1971 lincoln mark iii
"$6,200",2013 CHEVROLET IMPALA 108K
"$14,000",2007 Yukon Denali
"$41,000",2018 Toyota Tacoma TRD Off-road
"$5,900",2008 Ford edge
"$5,000",2013 Honda Accord Ex
"$8,990",2013 Hyundai Elantra GLS Sedan
"$41,500",2016 Toyota 4Runner Trail
"$11,500",2012 Buick LaCrosse Hybrid
"$76,500",Ford F-250 Super Duty 4x4 Lariat
"$5,700",Crown Victoria P71 2007 Low miles.
"$3,200",1999 Cadillac Escalade
"$3,000",1995 Honda odyssey mini van
"$20,000",2017 Honda Accord - Manual
"$28,000",2013 Jeep Wrangler Sahara
"$1,600",1974 f 350
"$2,800",03 Grandmarquie
"$9,500",Super clean 2002 Ford Excursion XLT 156k miles
"$12,800",2013 Honda Pilot Touring w/ Nav. & Rear Entertainment- DVD
"$4,000",Mercedes Benz
"$3,400",2000 Honda Accord
"$29,000",2021 Toyota Corolla LE Hybrid
"$4,000",1997 Ford Ranger
"$1,200",1999 Acura TL 3.2
"$27,500",2015 4runner SR5 Premium 4x4
"$4,000",2012 Hyundai Azera GLS/Limited
"$2,500",Kia Rio Hatchback - 2006
"$17,500",2010 FORD F150 4X4 XLT SUPERCREW TEXAS EDITION
"$4,000",1996 Dodge Ram 3500
"$47,900",2016 Chevrolet Tahoe LT
$650,Chevy Venture
"$56,000",2018 GMC Yukon Denali
"$10,500",Willys Jeep
"$21,500",Jeep Wrangler Unlimited Sport
"$6,000",2000 Cadillac DHS
"$7,500",2006 Acura RL
"$12,000",1986 Chevrolet Caprice Brougham
"$3,400",2002 Subaru Forester
"$48,000",2018 camaro ss 1le
"$4,500",2008 Honda Pilot
"$3,800",2002 TOYOTA AVALON HABLO ESPANOL
"$45,700",2015 toyota tudra
"$1,000",mercedes benz 1999 clk 320
"$35,000",SOLD   2016 GMC Sierra 2500hd
"$14,500",2013 Ford Explorer XLT
"$26,000","2014 Ford F-150 $26,000"
"$2,250",2006 Saturn Vue
"$2,950",For Sale - 2000 Nissan X-TERRA
"$54,999",2016 Chevy Corvette
"$19,999",2013 Ford F-150
"$14,000",2015 Acura RDX
"$1,000",1996 Chrysler Town  & Country LXI
"$3,900",2007 Chevy Silverado ext cab work truck 2wd
"$2,500",2002 Honda Odyssey
"$4,900",2007 Ford F-150 XL
"$4,400",2006 VW Jetta
"$27,000",2007 BMW M5
"$2,800",1999 Lexus ES 300 Fully Loaded - Low 119K Miles
"$16,000",81 CJ5
"$23,000",JEEP WRANGLER SPORT
"$25,000",2008 Ford Mustang GT California Special - Supercharged 500 HP!!!
"$18,500",2008 F250 6.4L
"$3,000",2006 Volvo XC70
"$20,000",Nissan Titan
"$12,000",2014 HONDA CIVIC EX-L
"$15,800",2015 Nissan Pathfinder
"$6,000",2013 Volkswagen Jetta
"$4,000",1995 f150 5.0
"$40,000",CORVETTE (07)
"$23,000",2013 2500 Dodge Ram
"$30,000",BMW 435i
"$17,900",2013 Toyota Tacoma Regular Cab-Manual-32K Miles-Price Reduced
"$15,000",2003 Ford F350 Lariat Diesel Dually
"$24,900",2016 GMC Sierra 1500 4x4 V8
"$2,200",Chevrolet Traverse LT 2009
"$2,900",03 Honda Civic Coupe
"$8,100",2005 PT Cruiser Convertible GT (Turbo)
"$68,500",2005 Kenworth t800 Quad axle
"$11,750","2013 Nissan Altima 2.5 S Sedan 4D - $11,750"
"$2,500",2005 Jeep Cherokee Laredo
"$37,500",2018 Jeep Wrangler unlimited sport
"$9,998",2010 Infiniti M35x AWD - REDUCED
"$2,500",1998 Mercedes E320
"$5,200",2005 Toyota Sienna CE - minivan
"$4,500",Dodge 3500 Cargo Work Van - RELIABLE
"$2,000",2001 Mazda 626
"$5,975",2020 Mitsubishi Mirage 27k miles
$600,2010 Honda Insight
"$16,000",2011 GMC Denali
"$1,200",2008 nissan rogue slt awd
"$7,500",Toyota Camry hybrid 07
"$6,200",2003 Honda CRV Excellent
"$4,000",2010 Ford Foucs
"$1,650",Hyundai Tiburon 2000
"$5,600",2005 Mercedes E500
"$31,500",2013 F250 6.7 Diesel FX4 crew cab (Tuned)
"$1,495",For Sale - 1990 Geo Prizm
"$22,500",1952 MG TD
"$46,000",Toyota Land Cruiser 200 Series
$500,NISSAN SENTRA 2003
"$8,000",2012  honda accord lx 8k obo
$750,PRICE DROP
"$21,000",2011 Jeep Wrangler Sport 2 Dr
"$3,995","2005 Saturn ion 3 quad coupe-61,000 Miles Only !!"
"$1,500",Mechanic's Special
"$8,500",2012 Chrysler Town and Country
"$8,500",2001 Toyota 4Runner 4WD Limited 4X4
"$6,195",2004 Saab Aero Convertible Turbo
"$34,900",2014 Chevrolet Silverado LTZ Z71
"$3,100",GREAT RUNNING VEHICLE
"$2,300",1998 Honda Accord
"$19,000",1983 Jeep CJ7
"$7,000",89 f250 xlt
"$2,800",2005 Jaguar XJ8L
"$4,300",1999/2000 Chevy Suburban 1500
"$1,400",2000 Chrysler Concorde LXI
"$31,000",2015 CTSV
"$6,500",2007 honda civic
"$1,200",1997 mazda miata
"$39,000",2014 Lexus LX 570
"$5,599",2012 Nissan Altima 2.5S
"$1,695",1995 Buick Roadmaster Estate Wagon
"$4,000",2007 Ford Escape Hybrid
"$16,000",2013 Cadillac XTS premium edition Fwd
"$5,000",Conversion/Camping Van for sale
"$7,500",6-spd 2007 lexus is250
"$37,950",2018 TOYOTA TACOMA SR5 4X4 DOUBLE CAB - NEW TIRES!
"$6,000",2004 GMC 4x4
"$1,500",09 pontiac G6
"$2,900","2006 Hyundai Elantra ( clean, runs great)"
"$15,500",Beautiful 2000 Chevrolet Corvette Convertible
"$18,000",2005 Ford F-250 Super Duty - Bulletproofed
"$2,500",2003 A4 3.0 quattro  $2500
"$1,350",Ford COE
"$8,000",72 Camaro project
"$12,000",2000 Camaro SS
"$5,000",2005 Honda CR-V EX
"$11,095",2007 Freightliner Sprinter 2500 - Deisel
"$3,500","**SOLD** 1995 Camaro Z-28 convertible, LT1 350 V8,"
"$5,500",2008 Toyota Prius 119k miles
"$15,500",2006 F-450 XL Flatbed Diesel
"$1,000",camper shell off Z-71  6 Foot
"$18,000",1995 Chevrolet Corvette 6spd 15k miles
"$2,100",Honda Accord 2002 coupe
"$4,000",1995 & 1993 Lincoln Mark VIII’s for sale/trade-Update
"$7,650",Hummer H3
"$8,980",Acura TSX 2010 very clean
"$4,200",2000 Toyota Sienna XLE w/ Gold Package
"$24,500",2013 GMC Yukon Denali- extra clean
"$3,500",2002 Honda Odyssey
"$1,234",Jeeps wanted Dead or Alive
"$10,000",LEXUS LS430
"$25,000",1992  FOOD TRUCK
"$9,800",2007 Chrysler Town and Country Handicap Accessible Van
"$9,800",2004 Chrysler Town and Country Handicap Accessible Van
"$3,500",2008 Volkswagon Convertible 2.5
"$1,000",1999 Honda CRV - NEEDS REPAIR please see description
"$46,500","2016 Chevy Tahoe LS 4WD 19,350 miles!"
"$6,950",Lexus LS 430 Sport Edition
"$10,950",1996 CORVETTE
"$7,300",2009 Honda CR-V CRV EX-L. Very Nice
"$4,500",2001 Toyota Solara SLE Coupe
"$38,000",2014 Jeep Rubicon fully Upgraded
"$93,900",2021 GMC Sierra 3500 Denali - Ultimate - Diesel - Black Diamond
"$18,800",2017 Kia Soul only 12K miles
"$13,250","2014 Subaru Forester 2.5i Limited (AWD, Moonroof, Backup Cam, etc.)"
"$2,995","1999 Ford Taurus-78,000 Miles Only !!"
"$4,800",Chevy Truck for sale
"$10,500",Fiat 500e EV
"$34,000",FORD F150 LIGHTING RARE 90K
"$9,800",2014 Dodge Journey-- 7 passenger
"$4,799",2009 Ford Fusion SEL
"$17,400",2014 Ford F 150 STX 4WD
"$15,900",Toyota Land Cruiser
"$44,000",2018 Ford E450 Box Van w/liftgate
"$10,500",2007 Honda CRV low mileage
"$1,000",1994 Honda Accord Lx
"$60,000",Dump Truck For Sale! Including  35+ cust. list!
"$4,950",sold
"$14,500","07"" S550 Mercedes Benz"
"$12,950",2012 BMW 528i for sale
"$8,500",INFINITI G35 2006
"$20,000",1976 Chevrolet Camaro
"$9,750",2007 Chevrolet tahoe
"$3,000",91 F-150 XLT Lariet
"$6,000",Low mileage Ford taurus
"$9,900",2007 Chevrolet Tahoe LT 4wd 3rd Row!
"$9,800",2007 Volvo XC90 3.2L
"$5,250",2006 Escalade
"$1,800",06 SUBURBAN !!
"$6,500",2012 HONDA ACCORD HABLO ESPANOL
"$6,500",2014 Ford Focus SE
"$2,500",1976 280Z 2+2
"$18,000",1952 Chevy
"$11,700",2007 Acura MDX - Pristine Condition
"$13,000",1973 CHEVROLET CLASSIC
"$1,500",2003 Nissan maxima
"$17,999",2013 Isuzu NQR working reefer for sale
"$32,000",2016  Jeep Wrangler Unlimited RHD
"$3,250",2009 Toyota Corolla price Negotiable
"$4,800",1948 Buick Super
"$14,250",2006 BMW Z4 3.0i
"$5,000",2007 Ford Explorer
"$9,500",2004 Pontiac GTO
"$3,500",2010 Honda Civic Hybrid - Runs Great
"$66,800",2021 Tesla Model Y
"$8,900",2011 Chevy Express 1500 4.3L V6
"$3,250",2005 Hyundai Sonata
"$15,900",1968 Chevrolet Impala
"$7,200",acura mdx
"$5,700",2010 Ford Fusion
"$5,000",2005 Honda Accord
"$52,000",1965 Chevrolet Corvette convertible
"$11,999",Hyundai accent 2015
"$9,999",1969 PLYMOUTH SATELLITE
"$72,500",2019 Chevorlet High Country Duramax
"$4,000","2003 VOLVO S60 - ONE OWNER 111,544 Miles"
"$10,000",Rare 2005 Ford Mustang
"$15,000",15000 or  Best Offer
"$27,000",2016 TOYOTA TACOMA 4WD SR5
$0,1940 Chevrolet Pickup Truck-( Restored Custom )-Very Nice !
"$3,500",2007 Dodge Magnum
"$4,000",2010 Subaru Outback
"$14,500",2014 Buick LaCrosse Premium 1
"$5,000",2008 Subaru Outback
"$6,750",2003 350Z
"$48,500",2016 Ram 2500 MEGA CAB
"$4,800",2005 Ford Explorer Sport Trac XLS
"$20,500",Cadillac CTS (reduced)
"$8,000",2007 ford
$800,1999 Dodge Neon
"$55,000",2019 S5 Sportback Premium Plus - Black Optics
"$10,500",2013 Chevrolet 1500 2wd
"$33,000",2016 toyota tacoma TRD sport
"$4,500",004 toyota avolon
"$2,100",FIRST 2100 TAKES  HER HOME
"$22,000",1935 Chevy Master Deluxe Street Rod
"$58,000",2018 Audi S5 Prestige Convertible / 15k Miles!!
"$4,800",2010 Kia Sportage
"$18,500",2016 Honda Accord LX - Excellent Cond - 1 Owner - Priced below KBB
"$17,500",1996 big wrecker 5 speed diesel engine
"$7,900",work truck dodge ram 2500
"$11,400",2008 Ram 1500
"$69,000","Chevy 2500HD 4WD Crew Cab 172"" CUSTOM Truck"
"$4,000",Ford Truck
"$18,000",2008 Ford F-250 extended cab
"$11,500",ford f250 4x4 (gas)
"$6,800",99 GMC Sierra 2500hd 3/4 TON 6.0L V8
"$33,900",2017 Toyota Tacoma OFF ROAD 4WD
"$6,500",2004 Honda Accord
"$45,000",2020 Ford F150 STX 4X4 for Sale
"$5,000",Chevy Truck for sale
"$7,995",Mazda Miata MX-5 GT
"$5,995",2008 Ford Crown Victoria P-71 Code C6! Clean car! Low miles!!
"$2,345",03' Subaru Outback- Update Got the Title
"$1,000",1998 Audi A4 1.8T Quattro (B5)
"$9,000",2014 Dodge Ram 1500 EcoDiesel (not running)
"$22,000",Tahoe
"$6,000",1999 Mazda Miata
"$4,750",2006 ISUZU NPR
"$27,000",2017 toyota tacoma
"$3,300",1983 Chevrolet S-10
"$5,900",2007 Ford E250 VAN
"$6,000",2001 Land Rover Discover Series 2
"$8,499",2012 GMC Terrain SLE-1 SLE-1 4dr SUV
"$4,900",2010 honda civic
"$24,500",1946 Ford Coupe
"$28,500",2018 Toyota Camry XSE
"$1,800",2002 Honda accord
"$7,000",2013 Hyundai sonata
"$7,000",2008 Honda Accord
"$4,200",2012 Chevrolet Cruze LT
"$2,200",2001 oldsmobile alero
"$15,000",93 Mustang
"$31,950",Chevrolet Silverado 1500
"$15,300",Tacoma
"$20,000","I will pay CASH For your RV, boat, classic car, muscle car, truck, $$$"
"$1,750",1947 Ford truck
"$1,250",97 f150 longbed blown motor
"$9,500",Toyota Camry XLE
"$17,000",2004 International Bus
"$2,000",74 Ford U-Haul Truck/ Box for sale
"$6,800",2006 BMW X3 3.0i AWD 4dr SUV
"$2,000",2000 Honda CR-V LX
"$6,300",2004 GMC Yukon Denali AWD
"$3,500",New Price - 2006 Dodger Durango
"$6,500",2004 Ford Ranger 4wd ** FX4 Level II
"$10,500",2016 Jeep Compass
$1,1940 PLYMOUTH DELUXE 6 & 1941 PLYMOUTH DELUXE 6
"$9,000",2006 Pontiac Solstice
"$4,500",Dodge 3500 Cargo Work Van - RELIABLE
"$2,850",1979 Oldsmobile Cutlass
"$4,900","2001 Toyota Highlander Sport Utility, Good Condition, For sale!"
"$4,250",2008 P71 Ford Crown Victoria
"$25,558",2013 Chevrolet Camaro SS
"$27,000",2016 Ram 1500 Outdoorsman
$800,2003 Ford Windstar
"$19,000",2003 Chevy SS
"$9,000",2008 bmw
"$6,500",Lexus IS250 (2006)
"$12,700",2011 Chevrolet Silverado Crew Cab
"$14,800",2006 Jeep Wrangler X 86k miles
"$21,000",2011 Jeep Wrangler Sport 2 Dr
"$28,500",1965 Ford F100 custom cab short bed
"$27,000",Unrestored 1966 Land Rover 2a 109
"$10,000",2005 chevy colorado 4x4 crew cab.
"$8,900",2011 Chevy Express 1500 4.3L V6
"$17,500",1979 Classic Chevrolet Camaro Z28 Runs Great
"$7,500",06 chevy 2500 Work truck
"$3,700",2002 Toyota Camry LE
"$3,999",FS: 2005 Honda Accord 4dr Sedan
"$3,500",Volvo 2007 XC90 Sport SUV
